{
  "heading_ease_n60": [
    0.01994,
    0.04045,
    0.06212,
    0.0837,
    0.10576,
    0.12827,
    0.1512,
    0.1752,
    0.1989,
    0.22227,
    0.24594,
    0.2699,
    0.29413,
    0.31789,
    0.3424,
    0.36659,
    0.39023,
    0.41406,
    0.43729,
    0.46068,
    0.48421,
    0.5071,
    0.53011,
    0.55246,
    0.57491,
    0.59622,
    0.61726,
    0.63838,
    0.65877,
    0.67923,
    0.69896,
    0.71794,
    0.73697,
    0.75463,
    0.77214,
    0.78888,
    0.80564,
    0.82164,
    0.83686,
    0.8521,
    0.86504,
    0.87871,
    0.89158,
    0.90367,
    0.91497,
    0.92627,
    0.93598,
    0.94569,
    0.95304,
    0.96116,
    0.96848,
    0.975,
    0.98073,
    0.98565,
    0.99056,
    0.99387,
    0.99563,
    0.99815,
    0.99909,
    1.0
  ],
  "hill_bump_amp": 0.35,
  "hill_bump_formula": "(0.5 - 0.5*cos(2*pi*t))*0.35",
  "hill_indices": [
    8,
    9,
    10,
    14,
    16,
    36,
    43,
    45
  ],
  "hill_names": [
    "HILL",
    "HILL4C",
    "HILL4",
    "SBEND",
    "HUMP",
    "START",
    "TWISTERA",
    "TWISTER2A"
  ],
  "step_per_substep": 0.008333333333333333,
  "fwd_advance_z": 0.4,
  "lat_scale_x": 0.3333333333333333,
  "vert_ease_alpha": 0.1,
  "bank_amp_to_deg": {
    "0.25": 46.67,
    "0.5": 90.0,
    "1.0": 180.0,
    "2.0": 360.0
  },
  "autobank_formula": "clamp((-2.0-(dir.y-0.49)*5.0)*pi/180, -1.2215, 1.2215)"
}